ds,trend,yhat_lower,yhat_upper,trend_lower,trend_upper,additive_terms,additive_terms_lower,additive_terms_upper,yearly,yearly_lower,yearly_upper,multiplicative_terms,multiplicative_terms_lower,multiplicative_terms_upper,yhat,yhat_gallons,yhat_upper_gallons,yhat_lower_gallons,actual_gallons
2026-09-27,13.074074285828287,8.755226665418801,16.079197917164745,13.074074285828287,13.074074285828287,-0.6210153309032083,-0.6210153309032083,-0.6210153309032083,-0.6210153309032083,-0.6210153309032083,-0.6210153309032083,0.0,0.0,0.0,12.453058954925078,256031.31729431168,9618489.68772265,6342.758311552461,3657328.0
2026-10-04,13.074911240482278,9.027397562372647,16.208446674745904,13.074911240482278,13.074911240482278,-0.4758123993100433,-0.4758123993100433,-0.4758123993100433,-0.4758123993100433,-0.4758123993100433,-0.4758123993100433,0.0,0.0,0.0,12.599098841172234,296290.439308684,10945583.32325261,8327.157834399908,
2026-10-11,13.07574819513627,8.813248892277405,16.163603212290706,13.07574819513627,13.07574819513627,-0.6438586115528772,-0.6438586115528772,-0.6438586115528772,-0.6438586115528772,-0.6438586115528772,-0.6438586115528772,0.0,0.0,0.0,12.431889583583393,250668.24085597874,10465588.179638715,6721.725235316544,
2026-10-18,13.076585149790262,8.417652620219489,16.019960059485225,13.076585149790262,13.076585149790262,-0.9221517746330387,-0.9221517746330387,-0.9221517746330387,-0.9221517746330387,-0.9221517746330387,-0.9221517746330387,0.0,0.0,0.0,12.154433375157224,189933.2759329041,9065258.78227496,4525.266109584453,
2026-10-25,13.077422104444253,8.26611455654305,15.671243489919886,13.077422104444253,13.077422104444253,-0.9616602200454811,-0.9616602200454811,-0.9616602200454811,-0.9616602200454811,-0.9616602200454811,-0.9616602200454811,0.0,0.0,0.0,12.115761884398772,182728.44302155997,6396383.6477147145,3888.805971368991,
2026-11-01,13.078259059098244,8.593828418939287,15.874594089187108,13.078259059098244,13.078259059098244,-0.7226987284084342,-0.7226987284084342,-0.7226987284084342,-0.7226987284084342,-0.7226987284084342,-0.7226987284084342,0.0,0.0,0.0,12.35556033068981,232246.83404978755,7838781.517928294,5397.240893075428,
2026-11-08,13.079096013752235,8.927594423575409,15.9042433619414,13.079096013752235,13.079096013752235,-0.5243704988697323,-0.5243704988697323,-0.5243704988697323,-0.5243704988697323,-0.5243704988697323,-0.5243704988697323,0.0,0.0,0.0,12.554725514882502,283430.4332527262,8074675.480543348,7536.112450858488,
2026-11-15,13.079932968406226,8.594790827048564,15.991084878453922,13.079932968406226,13.079932968406226,-0.6267512793657831,-0.6267512793657831,-0.6267512793657831,-0.6267512793657831,-0.6267512793657831,-0.6267512793657831,0.0,0.0,0.0,12.453181689040443,256062.74312275086,8807240.849408986,5402.438704693585,
2026-11-22,13.080769923060217,8.521441792998816,15.99189985820644,13.080769923060217,13.080769923060217,-0.8795248446056059,-0.8795248446056059,-0.8795248446056059,-0.8795248446056059,-0.8795248446056059,-0.8795248446056059,0.0,0.0,0.0,12.201245078454612,199035.81337951633,8814421.49883628,5020.288198427578,
2026-11-29,13.081606877714208,8.40843871488702,16.11407065550661,13.081600905997815,13.081606877714208,-0.890630924410106,-0.890630924410106,-0.890630924410106,-0.890630924410106,-0.890630924410106,-0.890630924410106,0.0,0.0,0.0,12.190975953304102,197002.33830832812,9959829.939855268,4483.753064465789,
2026-12-06,13.082443832368199,8.802939768228377,16.11891411139475,13.08241962991815,13.082443832368199,-0.5112882703315635,-0.5112882703315635,-0.5112882703315635,-0.5112882703315635,-0.5112882703315635,-0.5112882703315635,0.0,0.0,0.0,12.571155562036635,288125.69109805825,10008186.954665713,6652.775841494587,
2026-12-13,13.08328078702219,9.42211248182959,16.95658373510216,13.083208650269638,13.083301396984302,-0.03096045045732337,-0.03096045045732337,-0.03096045045732337,-0.03096045045732337,-0.03096045045732337,-0.03096045045732337,0.0,0.0,0.0,13.052320336564867,466175.844878427,23128673.70966002,12357.662112523263,
2026-12-20,13.084117741676181,9.626001230940203,17.089459983116512,13.083981394635346,13.084205289769791,0.1607044342087496,0.1607044342087496,0.1607044342087496,0.1607044342087496,0.1607044342087496,0.1607044342087496,0.0,0.0,0.0,13.24482217588493,565135.2750841207,26415458.480663575,15152.718569327695,
2026-12-27,13.084954696330174,9.267170078042984,17.048444009502223,13.084739241944167,13.085129654653311,0.018430883319406833,0.018430883319406833,0.018430883319406833,0.018430883319406833,0.018430883319406833,0.018430883319406833,0.0,0.0,0.0,13.103385579649581,490599.573434738,25353921.493483394,10583.755430832944,
2027-01-03,13.085791650984161,9.285932481262385,16.84161282411771,13.085441404645644,13.08604266859413,-0.15968877129800962,-0.15968877129800962,-0.15968877129800962,-0.15968877129800962,-0.15968877129800962,-0.15968877129800962,0.0,0.0,0.0,12.926102879686152,410898.0651274034,20616716.300912708,10784.225650866578,
2027-01-10,13.086628605638154,9.455662888473029,16.64406631548721,13.086210814716786,13.087006492090637,-0.1545691904796025,-0.1545691904796025,-0.1545691904796025,-0.1545691904796025,-0.1545691904796025,-0.1545691904796025,0.0,0.0,0.0,12.932059415158552,413352.9038933048,16921004.13444886,12779.334336093594,
2027-01-17,13.087465560292145,9.423944898148445,16.698058052548713,13.086987470180043,13.087978719813371,-0.10595130050751025,-0.10595130050751025,-0.10595130050751025,-0.10595130050751025,-0.10595130050751025,-0.10595130050751025,0.0,0.0,0.0,12.981514259784635,434309.1806592892,17859711.798079737,12380.329087982831,
2027-01-24,13.088302514946136,9.077374710824099,16.540032735406804,13.087737502255662,13.088915300549548,-0.27690247400738677,-0.27690247400738677,-0.27690247400738677,-0.27690247400738677,-0.27690247400738677,-0.27690247400738677,0.0,0.0,0.0,12.81140004093875,366369.3701211049,15249124.809490908,8753.951550875861,
2027-01-31,13.089139469600127,8.822528182341928,16.136412230661517,13.088462486271325,13.089874085661858,-0.6119835568380276,-0.6119835568380276,-0.6119835568380276,-0.6119835568380276,-0.6119835568380276,-0.6119835568380276,0.0,0.0,0.0,12.4771559127621,262275.85223518754,10184852.571495753,6784.397680998968,
2027-02-07,13.089976424254118,8.844267747580535,16.030195603557992,13.089170241535024,13.090883676875308,-0.6932254744444578,-0.6932254744444578,-0.6932254744444578,-0.6932254744444578,-0.6932254744444578,-0.6932254744444578,0.0,0.0,0.0,12.396750949809661,242013.02301661833,9158523.139782494,6933.524378167653,
2027-02-14,13.09081337890811,9.100683817379332,16.541566966721472,13.089866820944232,13.091878908400492,-0.20985371814204615,-0.20985371814204615,-0.20985371814204615,-0.20985371814204615,-0.20985371814204615,-0.20985371814204615,0.0,0.0,0.0,12.880959660766063,392761.2165405734,15272538.452208353,8960.418582522729,
2027-02-21,13.0916503335621,10.46103519666679,17.713989926438867,13.090547218868604,13.092811581127544,0.6117210328980468,0.6117210328980468,0.6117210328980468,0.6117210328980468,0.6117210328980468,0.6117210328980468,0.0,0.0,0.0,13.703371366460146,893918.8227957268,49327382.27218899,34926.6897665879,
2027-02-28,13.092487288216091,10.47247159673435,18.111842424873117,13.09117715150237,13.093763478392995,1.1693342566872746,1.1693342566872746,1.1693342566872746,1.1693342566872746,1.1693342566872746,1.1693342566872746,0.0,0.0,0.0,14.261821544903366,1562536.3196811017,73429947.26456837,35328.4296505501,
2027-03-07,13.093324242870082,10.466153377679815,17.837248094418428,13.091844311225408,13.094714761430865,1.0924388776170395,1.0924388776170395,1.0924388776170395,1.0924388776170395,1.0924388776170395,1.0924388776170395,0.0,0.0,0.0,14.185763120487122,1448099.304347829,55797971.6591622,35105.914265650565,
2027-03-14,13.094161197524073,9.933184812479626,17.33153144866122,13.092446810368312,13.095651875821972,0.6067909874645693,0.6067909874645693,0.6067909874645693,0.6067909874645693,0.6067909874645693,0.6067909874645693,0.0,0.0,0.0,13.700952184988642,891758.8822209281,33650262.63553168,20601.85242612586,
2027-03-21,13.094998152178064,9.636402716836193,16.890265538079984,13.093094773210073,13.096634561063466,0.24875275237442457,0.24875275237442457,0.24875275237442457,0.24875275237442457,0.24875275237442457,0.24875275237442457,0.0,0.0,0.0,13.343750904552488,623902.447963935,21644576.909770675,15311.162356193356,
2027-03-28,13.095835106832057,9.662592307250469,17.183791236925643,13.093748537828475,13.097598010659071,0.28432567585899965,0.28432567585899965,0.28432567585899965,0.28432567585899965,0.28432567585899965,0.28432567585899965,0.0,0.0,0.0,13.380160782691057,647037.3094917146,29028573.68883884,15717.479026306433,
2027-04-04,13.096672061486048,9.841399018992515,17.185825084044225,13.094353592327378,13.098605583254844,0.5061018784604217,0.5061018784604217,0.5061018784604217,0.5061018784604217,0.5061018784604217,0.5061018784604217,0.0,0.0,0.0,13.60277393994647,808368.0190152166,29087673.451394834,18794.99358623842,
2027-04-11,13.09750901614004,10.16948808487515,17.022837793402314,13.095056067065281,13.099677687701208,0.5897511946162212,0.5897511946162212,0.5897511946162212,0.5897511946162212,0.5897511946162212,0.5897511946162212,0.0,0.0,0.0,13.68726021075626,879632.1378772572,24712944.989061337,26093.715064969954,
2027-04-18,13.09834597079403,10.05702113807131,17.062502651513903,13.095601008525266,13.100768838927308,0.5192726708890603,0.5192726708890603,0.5192726708890603,0.5192726708890603,0.5192726708890603,0.5192726708890603,0.0,0.0,0.0,13.61761864168309,820457.5265543533,25712880.539576087,23317.938908333752,
2027-04-25,13.099182925448021,10.176851094487468,17.525496802350002,13.096308131848648,13.101761954631728,0.5570730513574531,0.5570730513574531,0.5570730513574531,0.5570730513574531,0.5570730513574531,0.5570730513574531,0.0,0.0,0.0,13.656255976805474,852778.2298072821,40853243.56165123,26286.55979036932,
2027-05-02,13.100019880102012,9.967976958022298,17.628305609071948,13.096895517012898,13.102827818797248,0.8406586392842319,0.8406586392842319,0.8406586392842319,0.8406586392842319,0.8406586392842319,0.8406586392842319,0.0,0.0,0.0,13.940678519386244,1133337.7942768494,45276812.17954311,21331.285558501393,
2027-05-09,13.100856834756003,10.731700716047296,17.929377917383416,13.097531041488693,13.103801295843374,1.1496656612404257,1.1496656612404257,1.1496656612404257,1.1496656612404257,1.1496656612404257,1.1496656612404257,0.0,0.0,0.0,14.250522495996428,1544980.5028801048,61182875.7938387,45783.49227030789,
2027-05-16,13.101693789409994,10.602399057681668,17.744662698126962,13.098195208682888,13.1048213014674,1.1432102277561509,1.1432102277561509,1.1432102277561509,1.1432102277561509,1.1432102277561509,1.1432102277561509,0.0,0.0,0.0,14.244904017166146,1536324.39685803,50863832.97988204,40230.23881091614,
2027-05-23,13.102530744063985,10.43200568499229,17.88431056739823,13.098855167110068,13.105945116779626,0.7615347710998063,0.7615347710998063,0.7615347710998063,0.7615347710998063,0.7615347710998063,0.7615347710998063,0.0,0.0,0.0,13.86406551516379,1049752.0617235294,58486735.932697155,33927.33160839159,
2027-05-30,13.103367698717975,9.874852467185768,17.131928223968952,13.099524920072659,13.106918537988614,0.29286574365722423,0.29286574365722423,0.29286574365722423,0.29286574365722423,0.29286574365722423,0.29286574365722423,0.0,0.0,0.0,13.396233442375198,657520.9604335306,27561438.216897633,19434.42026502957,
2027-06-06,13.104204653371967,9.500639605622549,17.06246436383129,13.100181829825447,13.107966579800664,0.04346082445907179,0.04346082445907179,0.04346082445907179,0.04346082445907179,0.04346082445907179,0.04346082445907179,0.0,0.0,0.0,13.147665477831039,512811.4577260426,25711896.07177523,13367.27451934163,
2027-06-13,13.105041608025957,9.558152663395441,17.04098824884538,13.100819423214388,13.10905954999452,0.033314863650364686,0.033314863650364686,0.033314863650364686,0.033314863650364686,0.033314863650364686,0.033314863650364686,0.0,0.0,0.0,13.138356471676321,508059.8341610008,25165591.65915601,14158.664357429894,
2027-06-20,13.105878562679948,9.37787384999775,16.79264557557018,13.101445597344496,13.11011639027442,0.06576330973303446,0.06576330973303446,0.06576330973303446,0.06576330973303446,0.06576330973303446,0.06576330973303446,0.0,0.0,0.0,13.171641872412982,525255.4362983715,19631491.11961002,11822.848734286268,
2027-06-27,13.106715517333939,9.292508845877048,16.736391641213075,13.10213780787673,13.111163971567834,0.022732621088659602,0.022732621088659602,0.022732621088659602,0.022732621088659602,0.022732621088659602,0.022732621088659602,0.0,0.0,0.0,13.129448138422598,503553.9586556477,18557630.07652503,10855.386962094064,
2027-07-04,13.107552471987931,9.368980308361738,17.005466309931958,13.102699416690434,13.11227138186414,-0.019710373005732473,-0.019710373005732473,-0.019710373005732473,-0.019710373005732473,-0.019710373005732473,-0.019710373005732473,0.0,0.0,0.0,13.087842098982199,483032.8915348458,24287351.7517488,11718.159064275147,
2027-07-11,13.108389426641923,9.644378974354169,16.865533314892396,13.103193569164523,13.113233192658061,0.02966966413088559,0.02966966413088559,0.02966966413088559,0.02966966413088559,0.02966966413088559,0.02966966413088559,0.0,0.0,0.0,13.138059090772808,507908.7690341537,21115823.948383525,15433.784489049973,
2027-07-18,13.109226381295914,9.599779024295893,16.864206046571695,13.103745223211119,13.114400194835477,0.10218918174904154,0.10218918174904154,0.10218918174904154,0.10218918174904154,0.10218918174904154,0.10218918174904154,0.0,0.0,0.0,13.211415563044955,546567.8504645393,21087816.173891623,14760.519268032358,
2027-07-25,13.110063335949905,9.55043154287932,16.775931404581975,13.104344323863948,13.115424051439042,0.06808170794827306,0.06808170794827306,0.06808170794827306,0.06808170794827306,0.06808170794827306,0.06808170794827306,0.0,0.0,0.0,13.178145043898178,528682.3999659884,19306093.950834297,14049.756867435193,
2027-08-01,13.110900290603896,9.405146806253098,16.69873387429002,13.104937817678646,13.116626496971001,-0.03582625114936772,-0.03582625114936772,-0.03582625114936772,-0.03582625114936772,-0.03582625114936772,-0.03582625114936772,0.0,0.0,0.0,13.075074039454528,476904.6919156871,17871785.859779328,12149.757667058366,
2027-08-08,13.111737245257887,9.557499803400715,16.93536989856811,13.105603922598347,13.117837759395075,-0.007588350641280609,-0.007588350641280609,-0.007588350641280609,-0.007588350641280609,-0.007588350641280609,-0.007588350641280609,0.0,0.0,0.0,13.104148894616605,490974.1991557916,22643193.441109,14149.42309598536,
2027-08-15,13.112574199911878,9.597454269073435,17.00892713555479,13.106110788930355,13.118964366399421,0.23667461955386276,0.23667461955386276,0.23667461955386276,0.23667461955386276,0.23667461955386276,0.23667461955386276,0.0,0.0,0.0,13.34924881946574,627342.0627254541,24371551.661023803,14726.242207347988,
2027-08-22,13.113411154565869,9.880893506504798,17.482177249894963,13.106725121396645,13.120038295303681,0.46718487088948957,0.46718487088948957,0.46718487088948957,0.46718487088948957,0.46718487088948957,0.46718487088948957,0.0,0.0,0.0,13.580596025455359,790637.4206232984,39121283.98651423,19552.18575787302,
2027-08-29,13.11424810921986,9.888595600805555,17.402628516010594,13.107319901792483,13.121135160523613,0.3454880287177388,0.3454880287177388,0.3454880287177388,0.3454880287177388,0.3454880287177388,0.3454880287177388,0.0,0.0,0.0,13.459736137937599,700629.6506538183,36129797.138162956,19703.367699876904,
2027-09-05,13.11508506387385,9.237766071901378,16.366780517385696,13.107868696752037,13.122237211160755,-0.16710728025592617,-0.16710728025592617,-0.16710728025592617,-0.16710728025592617,-0.16710728025592617,-0.16710728025592617,0.0,0.0,0.0,12.947977783617924,419985.4734283406,12823377.61677507,10277.052462635002,
2027-09-12,13.115922018527842,8.922269227464954,16.06289256372327,13.108375677050624,13.12369200981296,-0.7045646102359324,-0.7045646102359324,-0.7045646102359324,-0.7045646102359324,-0.7045646102359324,-0.7045646102359324,0.0,0.0,0.0,12.41135740829191,245573.9336330801,9462928.484190673,7496.082527144527,
2027-09-19,13.116758973181835,8.530238784109034,15.789322882799,13.108885362353076,13.12476534758371,-0.8697955679425181,-0.8697955679425181,-0.8697955679425181,-0.8697955679425181,-0.8697955679425181,-0.8697955679425181,0.0,0.0,0.0,12.246963405239317,208346.65990693078,7198064.6113494625,5064.655288399532,
2027-09-26,13.117595927835826,8.57557114438479,16.285458722301126,13.109375496979581,13.125834593035881,-0.6682678311693576,-0.6682678311693576,-0.6682678311693576,-0.6682678311693576,-0.6682678311693576,-0.6682678311693576,0.0,0.0,0.0,12.449328096666468,255077.87669067373,11821833.043156575,5299.577969187967,
2027-10-03,13.118432882489817,8.970013541187127,16.369957298912954,13.109876964158662,13.126951333841687,-0.4796402916234919,-0.4796402916234919,-0.4796402916234919,-0.4796402916234919,-0.4796402916234919,-0.4796402916234919,0.0,0.0,0.0,12.638792590866325,308287.8943066908,12864179.464045081,7862.708088706019,
2027-10-10,13.119269837143808,8.617490270702408,16.141067795566354,13.110402151374311,13.128121743884526,-0.5951228920357807,-0.5951228920357807,-0.5951228920357807,-0.5951228920357807,-0.5951228920357807,-0.5951228920357807,0.0,0.0,0.0,12.524146945108027,274894.6761194497,10232379.364536569,5526.496451184774,
2027-10-17,13.120106791797799,8.538336211299683,16.01127856038204,13.11092911841884,13.129338039032744,-0.8818975118806889,-0.8818975118806889,-0.8818975118806889,-0.8818975118806889,-0.8818975118806889,-0.8818975118806889,0.0,0.0,0.0,12.23820927991711,206530.71846798138,8986899.368347384,5105.840585706062,
2027-10-24,13.12094374645179,8.531437375779271,15.889085627862318,13.111219530416998,13.130384746176011,-0.9799462817808384,-0.9799462817808384,-0.9799462817808384,-0.9799462817808384,-0.9799462817808384,-0.9799462817808384,0.0,0.0,0.0,12.140997464670951,187398.40329770383,7953204.618908001,5070.7305808026085,
2027-10-31,13.12178070110578,8.732857276461493,15.879488386925685,13.111730250363726,13.131475415429794,-0.7738638312923952,-0.7738638312923952,-0.7738638312923952,-0.7738638312923952,-0.7738638312923952,-0.7738638312923952,0.0,0.0,0.0,12.347916869813385,230478.42381339092,7877240.892522266,6202.4277208282165,
2027-11-07,13.12261765575977,9.134546365871861,16.299985170726487,13.112361756403251,13.132607191507587,-0.5406891313720139,-0.5406891313720139,-0.5406891313720139,-0.5406891313720139,-0.5406891313720139,-0.5406891313720139,0.0,0.0,0.0,12.581928524387756,291246.44881428615,11994815.67546523,9269.071447057204,
2027-11-14,13.123454610413761,8.577984706498249,16.215593145300108,13.112916599780661,13.133669399232662,-0.5874471308715773,-0.5874471308715773,-0.5874471308715773,-0.5874471308715773,-0.5874471308715773,-0.5874471308715773,0.0,0.0,0.0,12.536007479542183,278174.4975209617,11024085.793005055,5312.386694462986,
2027-11-21,13.124291565067752,8.876665000298818,16.057524000623207,13.113486796491783,13.134720200979958,-0.8412777968248504,-0.8412777968248504,-0.8412777968248504,-0.8412777968248504,-0.8412777968248504,-0.8412777968248504,0.0,0.0,0.0,12.283013768242903,215994.69766339374,9412262.274205515,7161.862712996765,
2027-11-28,13.125128519721743,8.63443009308732,15.908822352515472,13.113982254463135,13.135701422154968,-0.9191988914708906,-0.9191988914708906,-0.9191988914708906,-0.9191988914708906,-0.9191988914708906,-0.9191988914708906,0.0,0.0,0.0,12.205929628250853,199970.39858943265,8111734.128885976,5620.928835042791,
2027-12-05,13.125965474375734,8.780158758468248,16.113713434807458,13.114454516000462,13.136682178581374,-0.5991386581881127,-0.5991386581881127,-0.5991386581881127,-0.5991386581881127,-0.5991386581881127,-0.5991386581881127,0.0,0.0,0.0,12.526826816187622,275632.3490845312,9956272.71747807,6502.909642120536,
2027-12-12,13.126802429029725,9.292429688556457,16.67664216767096,13.114954629708498,13.137895782956594,-0.10408439068653622,-0.10408439068653622,-0.10408439068653622,-0.10408439068653622,-0.10408439068653622,-0.10408439068653622,0.0,0.0,0.0,13.02271803834319,452578.192719046,17481296.75426979,10854.527633602358,
2027-12-19,13.127639383683718,9.605619810093671,17.00293123622117,13.115614226472347,13.138957660783282,0.15579537363812895,0.15579537363812895,0.15579537363812895,0.15579537363812895,0.15579537363812895,0.15579537363812895,0.0,0.0,0.0,13.283434757321848,587383.4103613459,24225859.498912152,14846.99042404814,
2027-12-26,13.128476338337709,9.644140449327628,16.90843818550468,13.116224166500443,13.140189143590929,0.05686185178633854,0.05686185178633854,0.05686185178633854,0.05686185178633854,0.05686185178633854,0.05686185178633854,0.0,0.0,0.0,13.185338190124048,532499.0072198111,22041511.94928171,15430.103345709927,
2028-01-02,13.1293132929917,9.357846356247604,16.576447181264285,13.116703331387225,13.141256329500315,-0.13941754032695886,-0.13941754032695886,-0.13941754032695886,-0.13941754032695886,-0.13941754032695886,-0.13941754032695886,0.0,0.0,0.0,12.989895752664742,437964.64607541927,15814647.3817769,11588.402202218384,
2028-01-09,13.130150247645691,9.17585076197851,16.62038882564672,13.117256728192134,13.142472187681973,-0.16698825601596862,-0.16698825601596862,-0.16698825601596862,-0.16698825601596862,-0.16698825601596862,-0.16698825601596862,0.0,0.0,0.0,12.963161991629722,426411.29746632045,16525063.149260627,9659.983773987344,
2028-01-16,13.130987202299682,9.178247577749934,16.627658039498566,13.117615468299343,13.143679599372943,-0.1040284124622895,-0.1040284124622895,-0.1040284124622895,-0.1040284124622895,-0.1040284124622895,-0.1040284124622895,0.0,0.0,0.0,13.026958789837392,454501.5439516641,16645625.038666818,9683.167144299607,
2028-01-23,13.131824156953673,9.378621638730575,16.305696242997275,13.117998692719334,13.144903851515789,-0.22652022494614285,-0.22652022494614285,-0.22652022494614285,-0.22652022494614285,-0.22652022494614285,-0.22652022494614285,0.0,0.0,0.0,12.90530393200753,402440.060672883,12063514.926842,11831.693781849683,
2028-01-30,13.132661111607664,9.021737249296251,16.455388042426495,13.118545154442371,13.146326797222361,-0.5566167073913131,-0.5566167073913131,-0.5566167073913131,-0.5566167073913131,-0.5566167073913131,-0.5566167073913131,0.0,0.0,0.0,12.57604440421635,289537.74586261396,14011485.877722805,8280.151015867163,
2028-02-06,13.133498066261655,8.809301744982761,16.050513882049636,13.119020108086623,13.14757537815954,-0.7169774586190639,-0.7169774586190639,-0.7169774586190639,-0.7169774586190639,-0.7169774586190639,-0.7169774586190639,0.0,0.0,0.0,12.41652060764259,246845.16495722614,9346511.920751777,6695.2419496899965,
2028-02-13,13.134335020915646,9.08321092991378,16.525418043206606,13.119362960876003,13.148907712869859,-0.3352235274870525,-0.3352235274870525,-0.3352235274870525,-0.3352235274870525,-0.3352235274870525,-0.3352235274870525,0.0,0.0,0.0,12.799111493428594,361894.75995983795,15027884.149408877,8805.196759922863,
2028-02-20,13.135171975569637,9.954580687164732,17.34164281543955,13.119720111392025,13.150141770135086,0.46631510942857574,0.46631510942857574,0.46631510942857574,0.46631510942857574,0.46631510942857574,0.46631510942857574,0.0,0.0,0.0,13.601487084998213,807328.4343838554,33992238.80294255,21047.418110982773,
2028-02-27,13.136008930223628,10.63556670319041,17.881450483012593,13.12010733694012,13.151211141149767,1.1130426894894139,1.1130426894894139,1.1130426894894139,1.1130426894894139,1.1130426894894139,1.1130426894894139,0.0,0.0,0.0,14.249051619713041,1542709.6966761453,58319697.91490765,41586.990022730126,
2028-03-05,13.136845884877621,10.57592890669758,17.87947463640927,13.120478218088918,13.152123484735075,1.1500095193188782,1.1500095193188782,1.1500095193188782,1.1500095193188782,1.1500095193188782,1.1500095193188782,0.0,0.0,0.0,14.2868554041965,1602146.3869123808,58204580.90013227,39179.282692518565,
2028-03-12,13.137682839531612,10.067534633505776,17.37999978299592,13.120990893418263,13.153334935605866,0.6990909103668626,0.6990909103668626,0.6990909103668626,0.6990909103668626,0.6990909103668626,0.6990909103668626,0.0,0.0,0.0,13.836773749898475,1021489.8644176737,35321406.505174585,23564.395757419516,
2028-03-19,13.138519794185603,9.800266726401379,16.913088560894128,13.12152639448833,13.154412403121638,0.28467452022501566,0.28467452022501566,0.28467452022501566,0.28467452022501566,0.28467452022501566,0.28467452022501566,0.0,0.0,0.0,13.423194314410619,675489.4606754255,22144251.96330916,18037.555645260647,
2028-03-26,13.139356748839594,9.925657013455218,17.125169978467735,13.122079950105132,13.15558604146015,0.25372310192163827,0.25372310192163827,0.25372310192163827,0.25372310192163827,0.25372310192163827,0.25372310192163827,0.0,0.0,0.0,13.393079850761232,655450.6708328469,27375799.24773755,20447.340590408145,
2028-04-02,13.140193703493585,10.119633142223773,17.184084516902985,13.122562449416117,13.156679011950398,0.4697405285993949,0.4697405285993949,0.4697405285993949,0.4697405285993949,0.4697405285993949,0.4697405285993949,0.0,0.0,0.0,13.60993423209298,814176.9493541676,29037088.437107407,24824.66167724857,
2028-04-09,13.141030658147576,10.124190814678803,17.318674236602092,13.122991596818208,13.15766329105854,0.5910145904141334,0.5910145904141334,0.5910145904141334,0.5910145904141334,0.5910145904141334,0.5910145904141334,0.0,0.0,0.0,13.73204524856171,919921.9987961305,33220383.505542893,24938.067147839276,
2028-04-16,13.141867612801565,10.122060374033282,17.35806538770591,13.123475586403694,13.158680525930018,0.5324126660055744,0.5324126660055744,0.5324126660055744,0.5324126660055744,0.5324126660055744,0.5324126660055744,0.0,0.0,0.0,13.67428027880714,868288.3397365615,34555087.882425815,24884.99250179223,
2028-04-23,13.142704567455556,9.983562290520396,17.166179141741278,13.123954944146357,13.159746043142318,0.5316352571472026,0.5316352571472026,0.5316352571472026,0.5316352571472026,0.5316352571472026,0.5316352571472026,0.0,0.0,0.0,13.67433982460276,868340.0442555016,28521795.480923496,21666.360667847,
2028-04-30,13.143541522109548,10.367285935242743,17.521473413211293,13.124446931897129,13.16091992023437,0.7777391922403815,0.7777391922403815,0.7777391922403815,0.7777391922403815,0.7777391922403815,0.7777391922403815,0.0,0.0,0.0,13.92128071434993,1111565.360713389,40689205.27740938,31801.046919764085,
2028-05-07,13.144378476763539,10.637677868280019,18.030301375785317,13.124896394692719,13.162265472185279,1.1096077099530366,1.1096077099530366,1.1096077099530366,1.1096077099530366,1.1096077099530366,1.1096077099530366,0.0,0.0,0.0,14.253986186716576,1550341.1193738885,67680005.93876208,41674.88187987872,
2028-05-14,13.14521543141753,10.726850311110326,18.000786586875584,13.125345857488309,13.163240406673081,1.1757151417450291,1.1757151417450291,1.1757151417450291,1.1757151417450291,1.1757151417450291,1.1757151417450291,0.0,0.0,0.0,14.320930573162558,1657680.6257399456,65711635.72516447,45561.95664603447,
2028-05-21,13.14605238607152,10.537594409036071,17.966221274425315,13.125794887869398,13.164403631515126,0.8470916206910943,0.8470916206910943,0.8470916206910943,0.8470916206910943,0.8470916206910943,0.8470916206910943,0.0,0.0,0.0,13.993144006762614,1194386.436835958,63479098.91094512,37705.75024636801,
2028-05-28,13.146889340725512,9.582963264543814,17.252472458345128,13.126227286821795,13.165551832181473,0.36644957006216383,0.36644957006216383,0.36644957006216383,0.36644957006216383,0.36644957006216383,0.36644957006216383,0.0,0.0,0.0,13.513338910787676,739210.1704889861,31092351.86551082,14514.368512732884,
2028-06-04,13.147726295379503,9.473835937737626,16.931133394210722,13.126659777401938,13.166747098918988,0.0666947718108947,0.0666947718108947,0.0666947718108947,0.0666947718108947,0.0666947718108947,0.0666947718108947,0.0,0.0,0.0,13.214421067190397,548213.0364786513,22547468.362223513,13013.715238936365,
2028-06-11,13.148563250033495,9.553614235412207,17.06115523660223,13.127092267982082,13.167843538410484,0.02570525545995302,0.02570525545995302,0.02570525545995302,0.02570525545995302,0.02570525545995302,0.02570525545995302,0.0,0.0,0.0,13.174268505493448,526636.9057420978,25678257.95030228,14094.54734575015,
2028-06-18,13.149400204687486,9.475538322955565,17.051611816166368,13.127524758562226,13.168991734455552,0.06494308382276984,0.06494308382276984,0.06494308382276984,0.06494308382276984,0.06494308382276984,0.06494308382276984,0.0,0.0,0.0,13.214343288510257,548170.3987726335,25434365.165850163,13035.890167554704,
2028-06-25,13.150237159341478,9.57881651616282,16.790979397384536,13.127959651843794,13.170107005597838,0.03428870486829317,0.03428870486829317,0.03428870486829317,0.03428870486829317,0.03428870486829317,0.03428870486829317,0.0,0.0,0.0,13.184525864209771,532066.6193083235,19598808.790541474,14454.30155919788,
2028-07-02,13.151074113995469,9.336167345720298,16.932742091162655,13.128400363269598,13.171460416970431,-0.017942431347728462,-0.017942431347728462,-0.017942431347728462,-0.017942431347728462,-0.017942431347728462,-0.017942431347728462,0.0,0.0,0.0,13.13313168264774,505412.24605637684,22583769.598475713,11339.859246644693,
2028-07-09,13.15191106864946,9.504726203075775,17.12950267777811,13.128848396885703,13.172390296445975,0.015022177587542221,0.015022177587542221,0.015022177587542221,0.015022177587542221,0.015022177587542221,0.015022177587542221,0.0,0.0,0.0,13.166933246237003,522788.01373734453,27494667.683233522,13422.017055115419,
2028-07-16,13.15274802330345,10.016147404699836,16.91347661059955,13.129272254752516,13.173385131682156,0.09443234804826253,0.09443234804826253,0.09443234804826253,0.09443234804826253,0.09443234804826253,0.09443234804826253,0.0,0.0,0.0,13.247180371351714,566469.549507753,22152846.70163333,22384.023146656455,
2028-07-23,13.153584977957442,9.576222332874279,17.037092747206174,13.129703398341201,13.174681204043079,0.08352994582328954,0.08352994582328954,0.08352994582328954,0.08352994582328954,0.08352994582328954,0.08352994582328954,0.0,0.0,0.0,13.237114923780732,560796.3693372329,25067749.747093745,14416.85045597839,
2028-07-30,13.154421932611433,9.354548587424034,16.854675436623,13.130195942812245,13.176208634022554,-0.02071061795175453,-0.02071061795175453,-0.02071061795175453,-0.02071061795175453,-0.02071061795175453,-0.02071061795175453,0.0,0.0,0.0,13.133711314659678,505705.2846721254,20887791.1082411,11550.245982727582,
2028-08-06,13.155258887265424,9.60273481506693,16.84612818640968,13.130644853953621,13.177776101904952,-0.029989187504404095,-0.029989187504404095,-0.029989187504404095,-0.029989187504404095,-0.029989187504404095,-0.029989187504404095,0.0,0.0,0.0,13.12526969976102,501454.2749029816,20710018.737424567,14804.2157775074,
2028-08-13,13.156095841919415,9.934945337702683,17.008011813298317,13.131012483250354,13.178914869302718,0.1837227035975873,0.1837227035975873,0.1837227035975873,0.1837227035975873,0.1837227035975873,0.1837227035975873,0.0,0.0,0.0,13.339818545517002,621453.853135371,24349254.042758316,20638.15621498015,
2028-08-20,13.156932796573406,9.785919640036994,16.87450933730771,13.131327091289457,13.180321098161281,0.4439130457509676,0.4439130457509676,0.4439130457509676,0.4439130457509676,0.4439130457509676,0.4439130457509676,0.0,0.0,0.0,13.600845842324373,806810.9062469781,21306213.2575036,17780.602600851467,
2028-08-27,13.157769751227399,9.743617601259382,16.93576513059675,13.131675168206383,13.181433890541447,0.4009378588607022,0.4009378588607022,0.4009378588607022,0.4009378588607022,0.4009378588607022,0.4009378588607022,0.0,0.0,0.0,13.558707610088101,773519.6226302239,22652144.52554398,17044.092327686427,
2028-09-03,13.15860670588139,9.388086683900498,16.85120970527025,13.132032679808171,13.182529861529687,-0.05971105740646265,-0.05971105740646265,-0.05971105740646265,-0.05971105740646265,-0.05971105740646265,-0.05971105740646265,0.0,0.0,0.0,13.098895648474928,488401.748359681,20815524.932152107,11944.222467430955,
2028-09-10,13.15944366053538,8.769435172124833,15.929909904644342,13.132426586922398,13.183625541979628,-0.6280492852649018,-0.6280492852649018,-0.6280492852649018,-0.6280492852649018,-0.6280492852649018,-0.6280492852649018,0.0,0.0,0.0,12.531394375270478,276894.2002878526,8284607.093985246,6433.537031883783,
2028-09-17,13.160280615189372,8.522697414117795,16.06339068723156,13.132950930616973,13.185283774355531,-0.8740579828302679,-0.8740579828302679,-0.8740579828302679,-0.8740579828302679,-0.8740579828302679,-0.8740579828302679,0.0,0.0,0.0,12.286222632359104,216688.9117305018,9467643.366023289,5026.596993833515,
2028-09-24,13.161117569843361,8.75580079936847,15.907053955604624,13.13350202538978,13.186864917830059,-0.7162132379150749,-0.7162132379150749,-0.7162132379150749,-0.7162132379150749,-0.7162132379150749,-0.7162132379150749,0.0,0.0,0.0,12.444904331928287,253951.95998198487,8097402.037690315,6346.401524313611,
